,ticker,name,subcategory
0,SEKUSD Curncy,SEK-USD X-RATE,DM FX
1,BCOMRLH Index,BBGRollLnHogs,Agriculture
2,I05510Y Index,GBP Swap Rate 0 Cpn Yld 10,Nominal Swap
3,EURUSD Curncy,EUR-USD X-RATE,DM FX
4,USSWAP1 Curncy,USD SWAP SEMI 30/360 1YR,Currency SWAP
5,NTNI3M Curncy,TWD NDF IMPLIED YLD 3 MO,EM FX
6,NOKJPY Curncy,NOK-JPY X-RATE,DM FX
7,EUSA1 Curncy,EUR SWAP ANN (VS 6M) 1Y,Currency SWAP
8,I07210Y Index,CAD Canada Swap 0 Cpn Yld10,Nominal Swap
9,I07220Y Index,CAD Canada Swap 0 Cpn Yld20,Nominal Swap
10,M1WDQU Index,MSCI ACWI Quality Net $,Equity Factor
11,CDSW9 Index,CAD SWAP SA (VS 3M ) 9Y,Currency SWAP
12,NO1 A:00_0_R Curncy,NOK Future,DM FX
13,I05603Y Index,JPY Japan Swap Rate 0 Cpn3,Nominal Swap
14,CADJPYCR Curncy,CAD-JPY Carry Return,DM FX
15,EUR006M Index,Euribor 6 Month ACT/360,Nominal Bond
16,PPP SZ Index,OECD PPP - Switzerland,OECD PPP
17,BCOMRGO Index,BCOMRS GO ER,Energy
18,F10504Y Index,JPY Japan Sovereign 4,Nominal Bond
19,PHPUSD Curncy,PHP-USD X-RATE,EM FX
20,BCOMCT6 Index,BBGCottonSub6Mfwd,Agriculture
21,F11001Y Index,GBP UK Gilts 0 Coupon 1,Nominal Bond
22,I05208Y Index,USD Swap Rate 0 Cpn Yld 8,Nominal Swap
23,RUBI3M Curncy,RUB Fwd Imp Yld 3M,EM FX
24,I05708Y Index,CHF Switzerland Swap 0 8,Nominal Swap
25,F12703M Index,AUD Australia Sov 0 Cpn 3,Nominal Bond
26,GBPSEK Curncy,GBP-SEK X-RATE,DM FX
27,BCOMGC Index,BBG Gold,Precious Metals
28,TRYUSD Curncy,TRY-USD X-RATE,EM FX
29,F12703Y Index,AUD Australia Sov 0 Cpn 3,Nominal Bond
30,IINEGBR Index,IMF United Kingdom Inflation E,IMF Inflation Expectation
31,BCOMRBO Index,BBGRollSoybnO,Agriculture
32,GBPCHF Curncy,GBP-CHF X-RATE,DM FX
33,PPP UK Index,OECD PPP - United Kingdom,OECD PPP
34,F25010Y Index,NZD 0CPN YLDS10Y,Nominal Bond
35,I05320Y Index,EUR Swap Annual 0 Cpn Yld20,Nominal Swap
36,CADI3M Index,CAD Fwd Imp Yld 3M,DM FX
37,F26608Y Index,NOK 0CPN YLDS8Y,Nominal Bond
38,EURNZD Curncy,EUR-NZD X-RATE,DM FX
39,IDRUSDCR Curncy,IDR-USD Carry Return,EM FX
40,F08207Y Index,UST Bond/Notes 0 Coupon 7,Nominal Bond
41,I05203M Index,USD Swap Rate 0 Cpn Yld 3,Nominal Swap
42,F25007Y Index,NZD 0CPN YLDS7Y,Nominal Bond
43,F26603M Index,NOK 0CPN YLDS3M,Nominal Bond
44,F91015Y Index,EUR 0CPN YLDS15Y,Nominal Bond
45,EGPUSD Curncy,EGP-USD X-RATE,EM FX
46,F91002Y Index,EUR 0CPN YLDS2Y,Nominal Bond
47,I05615Y Index,JPY Japan Swap Rate 0 Cpn15,Nominal Swap
48,NZDCHFCR Curncy,NZD-CHF Carry Return,DM FX
49,F08205Y Index,UST Bond/Notes 0 Coupon 5,Nominal Bond
50,I05303Y Index,EUR Swap Annual 0 Cpn Yld3,Nominal Swap
51,MXNUSDCR Curncy,MXN-USD Carry Return,EM FX
52,NKSW1 Curncy,NOK SWAP ANN (VS 6M) 1Y,Currency SWAP
53,JGENVUUG Index,JPM GBI-EM Global ,EM Debt Local
54,THBI3M Curncy,THB IMPLIED YLD 3 MO,EM FX
55,TPXDDVD Index,TOPIX Total Return,DM Equity
56,I05707Y Index,CHF Switzerland Swap 0 7,Nominal Swap
57,F08201Y Index,UST Bond/Notes 0 Coupon 1,Nominal Bond
58,F26601Y Index,NOK 0CPN YLDS1Y,Nominal Bond
59,JPMTJPN INDEX,JPM GBI Japan in LOC,Nominal Bond
60,F26603Y Index,NOK 0CPN YLDS3Y,Nominal Bond
61,CADNOK Curncy,CAD-NOK X-RATE,DM FX
62,I08606Y Index,NOK Swap Rate 0 Cpn Yld 6,Nominal Swap
63,GBPCHFCR Curncy,GBP-CHF Carry Return,DM FX
64,BCOMCN6 Index,BBGCornSub6Mfwd,Agriculture
65,AUDCHF Curncy,AUD-CHF X-RATE,DM FX
66,F10506Y Index,JPY Japan Sovereign 6,Nominal Bond
67,AUDNZD Curncy,AUD-NZD X-RATE,DM FX
68,F10520Y Index,JPY Japan Sovereign 20,Nominal Bond
69,BCOMNI6 Index,BBGNickelSub6Mfwd,Industrial Metals
70,ILSI3M Curncy,ILS FWRD IMP. YIELD 3 MO,EM FX
71,EUR003M Curncy,Euribor 3 Month ACT/360,Nominal Bond
72,IINEMYS Index,IMF Malaysia Inflation End of,IMF Inflation Expectation
73,I05205Y Index,USD Swap Rate 0 Cpn Yld 5,Nominal Swap
74,I08602Y Index,NOK Swap Rate 0 Cpn Yld 2,Nominal Swap
75,SPXT Index,S&P 500 Total Return,DM Equity
76,PPP CA Index,OECD PPP - Canada,OECD PPP
77,F10130Y Index,CAD Canada Sov <9% 0 Cpn 30,Nominal Bond
78,BCOMRRB Index,BBGRollUnldGas,Energy
79,AUDNZDCR Curncy,AUD-NZD Carry Return,DM FX
80,CNYUSDCR Curncy,CNY-USD Carry Return,EM FX
81,BCOMGC2 Index,BBG Gold-F2,Precious Metals
82,I09403M Index,NZD Swap Rate 0 Cpn Yld 3,Nominal Swap
83,BCOMRB1 Index,BBG UnleadGasSub 1MFwd,Energy
84,BCOMRNI Index,BBGRollNickel,Industrial Metals
85,IINEHUN Index,IMF Hungary Inflation End of P,IMF Inflation Expectation
86,BCOMRSM Index,BBGRollSelSM,Commodity
87,M00IEA$O Index,MSCI EAFE Minimum Volati,Equity Factor
88,F12708Y Index,AUD Australia Sov 0 Cpn 8,Nominal Bond
89,USDCAD Curncy,USD-CAD X-RATE,DM FX
90,TU1 A:00_0_R Comdty,2y US Treasury Future,Nominal Bond
91,F25906Y Index,SEK 0CPN YLDS6Y,Nominal Bond
92,PHPUSDCR Curncy,PHP-USD Carry Return,EM FX
93,BCOMCO Index,BBG Brent Crude,Energy
94,G 1 A:00_0_R Comdty,Gilt Future,Nominal Bond
95,BCOMRCT Index,BBGRollCotton,Agriculture
96,PPP EUAR Index,OECD PPP - Euro Area,OECD PPP
97,STIB3M Index,Stockholm Interbank 3M,Nominal Bond
98,ADSWAP10 Index,AUD SWAP SA (VS 6M) 10Y,Currency SWAP
99,I09404Y Index,NZD Swap Rate 0 Cpn Yld 4,Nominal Swap
100,I07203Y Index,CAD Canada Swap 0 Cpn Yld3,Nominal Swap
101,I05104Y Index,AUD Swap Rate 0 Cpn Yld 4,Nominal Swap
102,USDCADCR Curncy,USD-CAD Carry Return,DM FX
103,GBPAUD Curncy,GBP-AUD X-RATE,DM FX
104,BCOMHG Index,BBG Copper,Industrial Metals
105,F08215Y Index,UST Bond/Notes 0 Coupon 15,Nominal Bond
106,XNDX Index,NASDAQ-100 Total Return Index,Equity Sector
107,F10102Y Index,CAD Canada Sov <9% 0 Cpn 2,Nominal Bond
108,I09403Y Index,NZD Swap Rate 0 Cpn Yld 3,Nominal Swap
109,GBPJPYCR Curncy,GBP-JPY Carry Return,DM FX
110,BCOMLH6 Index,BBGLeanHogsSub6Mfwd,Agriculture
111,I07202Y Index,CAD Canada Swap 0 Cpn Yld2,Nominal Swap
112,BCOMKC1 Index,BBG Coffee Sub 1MFwd,Agriculture
113,EURSEK Curncy,EUR-SEK X-RATE,DM FX
114,AUDI3M Index,AUD Fwd Imp Yld 3M,DM FX
115,IINERUS Index,IMF Russia Inflation End of Pe,IMF Inflation Expectation
116,F11004Y Index,GBP UK Gilts 0 Coupon 4,Nominal Bond
117,BCOMZS1 Index,BBGZinc Sub 1MFwd,Industrial Metals
118,I05206Y Index,USD Swap Rate 0 Cpn Yld 6,Nominal Swap
119,I05509Y Index,GBP Swap Rate 0 Cpn Yld 9,Nominal Swap
120,M1WOEV Index,Wrld ENHANCED VALUE $,Equity Factor
121,PPP AS Index,OECD PPP - Australia,OECD PPP
122,PLNI3M Curncy,PLN Fwd Imp Yld 3M,EM FX
123,NZDCAD Curncy,NZD-CAD X-RATE,DM FX
124,BCOMF1 Index,BBG Cmdty 1 M Fwd,Commodity
125,PP1 A:00_0_R Curncy,PLN Ffuture,EM FX
126,BCOMZS Index,BBGZinc,Industrial Metals
127,F12705Y Index,AUD Australia Sov 0 Cpn 5,Nominal Bond
128,IINEIND Index,IMF India Inflation End of Per,IMF Inflation Expectation
129,LUACER Index,Bloomberg Barclays US Agg Corp,Credit
130,F26620Y Index,NOK 0CPN YLDS20Y,Nominal Bond
131,I05108Y Index,AUD Swap Rate 0 Cpn Yld 8,Nominal Swap
132,SF1 A:00_0_R Curncy,CHF Future,DM FX
133,M1EA Index,MSCI EAFE NR,DM Equity
134,M1WD000$ Index,MSCI ACWI MOMENTUM NRU,Equity Factor
135,I08708Y Index,SEK Swap Rates 0 Cpn Yld 8,Nominal Swap
136,NOKUSD Curncy,NOK-USD X-RATE,DM FX
137,F10109Y Index,CAD Canada Sov <9% 0 Cpn 9,Nominal Bond
138,GDDLSW index,MSCI TR Sweden,DM Equity
139,BCOMRB6 Index,BBGUnleadedGasSub6Mfwd,Energy
140,I08720Y Index,SEK Swap Rates 0 Cpn Yld 20,Nominal Swap
141,JY1 A:00_0_R Curncy,JPY Future,DM FX
142,HG1 A:00_0_R Comdty,Copper Future,Industrial Metals
143,KAA1 A:00_0_R Comdty,10y Korean Bond Future,Nominal Bond
144,OE1 A:00_0_R Comdty,5y BOBL Future,Nominal Bond
145,BCOMRGC Index,BBGRollGold,Precious Metals
146,TRYUSDCR Curncy,TRY-USD Carry Return,EM FX
147,EURCHF Curncy,EUR-CHF X-RATE,DM FX
148,NDSOC Index,NZD SWAP OIS 3M,Currency SWAP
149,RTA1 A:00_0_R Index,Russell 2000 Future,Small Cap Equity
150,F10503Y Index,JPY Japan Sovereign 3,Nominal Bond
151,RLUK Index,EPRA UK (GBP) TR INDEX,REITS
152,F26606Y Index,NOK 0CPN YLDS6Y,Nominal Bond
153,F26610Y Index,NOK 0CPN YLDS10Y,Nominal Bond
154,GBPJPY Curncy,GBP-JPY X-RATE,DM FX
155,F26609Y Index,NOK 0CPN YLDS9Y,Nominal Bond
156,BCOMHO1 Index,BBG HeatOil Sub 1MFwd,Energy
157,M1WOMOM Index,MSCI World Momentum Net$,Equity Factor
158,IXS1 A:00_0_R Index,US Utilities Future,Equity Sector
159,F91008Y Index,EUR 0CPN YLDS8Y,Nominal Bond
160,I07230Y Index,CAD Canada Swap 0 Cpn Yld30,Nominal Swap
161,JPMTUK INDEX,JPM GBI UK in LOC,Nominal Bond
162,I08709Y Index,SEK Swap Rates 0 Cpn Yld 9,Nominal Swap
163,GBPUSDCR Curncy,GBP-USD Carry Return,DM FX
164,BPSW1 Curncy,GBP SWAP SA (VS 6M) 1Y,Currency SWAP
165,EURGBP Curncy,EUR-GBP X-RATE,DM FX
166,F25630Y Index,CHF 0CPN YLDS30Y,Nominal Bond
167,BCOMCO2 Index,BBGBrntCrudeF2,Energy
168,I09410Y Index,NZD Swap Rate 0 Cpn Yld 10,Nominal Swap
169,CADCHFCR Curncy,CAD-CHF Carry Return,DM FX
170,BCOMSY Index,BBG Soybeans,Agriculture
171,MXNUSD Curncy,MXN-USD X-RATE,EM FX
172,MLT1US10 Index,ML 10y US Treasury Total Return Future,Nominal Bond
173,F25903M Index,SEK 0CPN YLDS3M,Nominal Bond
174,BCOMHG2 Index,BBG Copper-F2,Industrial Metals
175,F10501Y Index,JPY Japan Sovereign 1,Nominal Bond
176,BZ1 A:00_0_R Index,Ibovespa Index Future,EM Equity
177,LF98ER Index,Bloomberg Barclays US Corporat,Credit
178,GCUDUS index,MSCI TR US Small Cap ,Small Cap Equity
179,BCOMKC2 Index,BBG Coffee-F2,Agriculture
180,F08230Y Index,UST Bond/Notes 0 Coupon 30,Nominal Bond
181,US0003M Index,ICE LIBOR USD 3M,Nominal Bond
182,BEIG1T Index,EU IL Bond Total Return Index,IL Bond
183,F25610Y Index,CHF 0CPN YLDS10Y,Nominal Bond
184,USDSEKCR Curncy,USD-SEK Carry Return,DM FX
185,M1WD Index,MSCI AC WORLD NR,DM Equity
186,F91004Y Index,EUR 0CPN YLDS4Y,Nominal Bond
187,BCOMBO1 Index,BBG SoybOil Sub 1MFwd,Agriculture
188,NDSWAP9 Index,NZD SWAP SA(V 3M) 9Y,Currency SWAP
189,BCOMSB1 Index,BBG Sugar Sub 1MFwd,Agriculture
190,CHFNOK Curncy,CHF-NOK X-RATE,DM FX
191,BCNI3M Curncy,BRL NDF IMP. YIELD 3 MO,EM FX
192,BCOMLH Index,BBG Lean Hogs,Agriculture
193,BCOMKC6 Index,BBGCoffeeSub6Mfwd,Agriculture
194,CADSEK Curncy,CAD-SEK X-RATE,DM FX
195,F25020Y Index,NZD 0CPN YLDS20Y,Nominal Bond
196,I05502Y Index,GBP Swap Rate 0 Cpn Yld 2,Nominal Swap
197,PPP NZ Index,OECD PPP - NewZealand,OECD PPP
198,F12702Y Index,AUD Australia Sov 0 Cpn 2,Nominal Bond
199,BCOMNI2 Index,BBG Nickel-F2,Industrial Metals
200,NZDNOK Curncy,NZD-NOK X-RATE,DM FX
201,I08707Y Index,SEK Swap Rates 0 Cpn Yld 7,Nominal Swap
202,SKSW1 Curncy,SEK SWAP ANN (VS 3M ) 1Y,Currency SWAP
203,I05220Y Index,USD Swap Rate 0 Cpn Yld 20,Nominal Swap
204,I05605Y Index,JPY Japan Swap Rate 0 Cpn5,Nominal Swap
205,GBPNZD Curncy,GBP-NZD X-RATE,DM FX
206,BCOMGO2 Index,BCOM GO 2MF,Energy
207,BCOMHO Index,BBG Heat Oil,Energy
208,CHNI3M Curncy,CLP NDF IMP. YIELD 3 MO,EM FX
209,PE1 A:00_0_R Curncy,MXN Future,EM FX
210,BCOMCT Index,BBG Cotton,Agriculture
211,F25915Y Index,SEK 0CPN YLDS15Y,Nominal Bond
212,PPP SW Index ,OECD PPP - Sweden,OECD PPP
213,BCOMLC2 Index,BBG LivCtle-F2,Agriculture
214,PPP US Index,OECD PPP - United States,OECD PPP
215,F10509Y Index,JPY Japan Sovereign 9,Nominal Bond
216,NOKUSDCR Curncy ,NOK-USD Carry Return,DM FX
217,BCOMKW6 Index,BBGKnsasWhtF6,Agriculture
218,BCOMCN Index,BBG Corn,Agriculture
219,BCOMGO6 Index,BCOM GO 6MF,Energy
220,F25003Y Index,NZD 0CPN YLDS3Y,Nominal Bond
221,BCOMSB6 Index,BBGSugarSub6Mfwd,Agriculture
222,PPP NO Index,OECD PPP - Norway,OECD PPP
223,BCOMRSY Index,BBGRollSoybean,Agriculture
224,F11006Y Index,GBP UK Gilts 0 Coupon 6,Nominal Bond
225,GBPSEKCR Curncy,GBP-SEK Carry Return,DM FX
226,RONI3M Curncy,RON FWRD IMP. YIELD 3 MO,EM FX
227,BCOMWH6 Index,BBGWheatSub6Mfwd,Agriculture
228,BCOMSB Index,BBG Sugar,Agriculture
229,USDJPYCR Curncy,USD-JPY Carry Return,DM FX
230,BCOMRB Index,BBG Unleaded Gasoline,Energy
231,RX1 A:00_0_R Comdty,Bund Future,Nominal Bond
232,EC1 A:00_0_R Curncy,EUR Future,DM FX
233,GDDLAS index,MSCI TR Australia,DM Equity
234,PSNI3M Curncy,PEN NDF IMP. YIELD 3 MO,EM FX
235,I05515Y Index,GBP Swap Rate 0 Cpn Yld 15,Nominal Swap
236,GBPNZDCR Curncy,GBP-NZD Carry Return,DM FX
237,F25620Y Index,CHF 0CPN YLDS20Y,Nominal Bond
238,BCOMAL2 Index,BBG Alumin-F2,Industrial Metals
239,I05103M Index,AUD Swap Rate 0 Cpn Yld 3,Nominal Swap
240,JYSWAP9 Index,JPY SWAP SA (V 6M) 9Y,Currency SWAP
241,I05715Y Index,CHF Switzerland Swap 0 15,Nominal Swap
242,LC61TRGU Index,Bloomberg Barclays Sterling,Credit
243,EURJPY Curncy,EUR-JPY X-RATE,DM FX
244,CL1 A:00_0_R Comdty,Crude Oil Future,Energy
245,AUDSEK Curncy,AUD-SEK X-RATE,DM FX
246,CZKI3M Curncy,CZK Fwd Imp Yld 3M,EM FX
247,TY1 A:00_0_R Comdty,10y US Treasury Future,Nominal Bond
248,GBPI3M Index,GBP Fwd Imp Yld 3M,DM FX
249,I05203Y Index,USD Swap Rate 0 Cpn Yld 3,Nominal Swap
250,BCOMKW2 Index,BBGKnsasWhtF2,Agriculture
251,BCOMHG6 Index,BBGCopperSub6Mfwd,Industrial Metals
252,GDDUUS index,MSCI USA TR,DM Equity
253,BCOMRCO Index,BBGRollBrntCru,Energy
254,IINEUSA Index,IMF United States Inflation En,IMF Inflation Expectation
255,F91010Y Index,EUR 0CPN YLDS10Y,Nominal Bond
256,IINEPOL Index,IMF Poland Inflation End of Pe,IMF Inflation Expectation
257,F25003M Index,NZD 0CPN YLDS3M,Nominal Bond
258,I05307Y Index,EUR Swap Annual 0 Cpn Yld7,Nominal Swap
259,BCOMRKC Index,BBGRollCoffee,Agriculture
260,I05603M Index,JPY Japan Swap Rate 0 Cpn3,Nominal Swap
261,LF98TRUU Index,Bloomberg Barclays US Corpor,Credit
262,JPMTIT INDEX,JPM GBI Italy in LOC,Nominal Bond
263,IINEISR Index,IMF Israel Inflation End of Pe,IMF Inflation Expectation
264,BCOMNG2 Index,BBG NtrlGas-F2,Natgas
265,BCOMGC1 Index,BBG Gold Sub 1MFwd,Precious Metals
266,SEKJPY Curncy,SEK-JPY X-RATE,DM FX
267,F26630Y Index,NOK 0CPN YLDS30Y,Nominal Bond
268,M1EAEV Index,MSCI EAFE EV NR USD,Equity Factor
269,I08603M Index,NOK Swap Rate 0 Cpn Yld 3,Nominal Swap
270,I05607Y Index,JPY Japan Swap Rate 0 Cpn7,Nominal Swap
271,I08603Y Index,NOK Swap Rate 0 Cpn Yld 3,Nominal Swap
272,YM1 A:00_0_R Comdty,3y Australian Bond Future,Nominal Bond
273,BCOMBO2 Index,BBG SoybOil-F2,Agriculture
274,F25002Y Index,NZD 0CPN YLDS2Y,Nominal Bond
275,BCOM Index,BBG Commodity,Commodity
276,I05503Y Index,GBP Swap Rate 0 Cpn Yld 3,Nominal Swap
277,USDCHF Curncy,USD-CHF X-RATE,DM FX
278,I05507Y Index,GBP Swap Rate 0 Cpn Yld 7,Nominal Swap
279,F10507Y Index,JPY Japan Sovereign 7,Nominal Bond
280,PENUSDCR Curncy,PEN-USD Carry Return,EM FX
281,IRNI3M Curncy,INR NDF IMP. YIELD 3 MO,EM FX
282,CHFUSD Curncy,CHF-USD X-RATE,DM FX
283,CLPUSD Curncy,CLP-USD X-RATE (x100),EM FX
284,MYRUSD Curncy,MYR-USD X-RATE,EM FX
285,BCOMCO1 Index,BBG BrentCrudeSub1MFwd,Energy
286,BCOMNI1 Index,BBG Nickel Sub 1MFwd,Industrial Metals
287,BCOMCN1 Index,BBG Corn Sub 1MFwd,Agriculture
288,M1EAMM Index,MSCI EAFE MOMENTUM,Equity Factor
289,TWDUSD Curncy,TWD-USD X-RATE,EM FX
290,NKSW10 Index,NOK SWAP ANN (VS 6M) 10Y,Currency SWAP
291,BCOMAL Index,BBG Aluminum,Industrial Metals
292,F10104Y Index,CAD Canada Sov <9% 0 Cpn 4,Nominal Bond
293,GDDLUK index,MSCI TR UK,DM Equity
294,USDSEK Curncy,USD-SEK X-RATE,DM FX
295,LP01TREU Index,Bloomberg Barclays Pan-Europ,Credit
296,F91003M Index,EUR 0CPN YLDS3M,Nominal Bond
297,LECPTREU Index,Bloomberg Barclays Euro Aggr,Credit
298,F10105Y Index,CAD Canada Sov <9% 0 Cpn 5,Nominal Bond
299,AUDUSD Curncy,AUD-USD X-RATE,DM FX
300,BCOMCO6 Index,BBGBrntCrudeF6,Energy
301,F11002Y Index,GBP UK Gilts 0 Coupon 2,Nominal Bond
302,CZKEURCR Curncy,CZK-EUR Carry Return,EM FX
303,BCOMSB2 Index,BBG Sugar-F2,Agriculture
304,BCOMRKW Index,BBGRollSelKM,Agriculture
305,BCOMBO6 Index,BBGSoybeanOilSub6Mfwd,Agriculture
306,F11005Y Index,GBP UK Gilts 0 Coupon 5,Nominal Bond
307,EUSA9 Index,EUR SWAP ANN (VS 6M) 9Y,Currency SWAP
308,F12709Y Index,AUD Australia Sov 0 Cpn 9,Nominal Bond
309,F26602Y Index,NOK 0CPN YLDS2Y,Nominal Bond
310,I05302Y Index,EUR Swap Annual 0 Cpn Yld2,Nominal Swap
311,CDSW1 Curncy,CAD SWAP SA (VS 3M ) 1Y,Currency SWAP
312,F91009Y Index,EUR 0CPN YLDS9Y,Nominal Bond
313,BCOMCL2 Index,BBG WTICrd-F2,Energy
314,BCOMLC6 Index,BBGLiveCattleSub6Mfwd,Agriculture
315,KU1 A:00_0_R Curncy,KRWUSD Future,EM FX
316,F26607Y Index,NOK 0CPN YLDS7Y,Nominal Bond
317,IINEIDN Index,IMF Indonesia Inflation End of,IMF Inflation Expectation
318,BCOMTR Index,BBG Commodity TR,Commodity
319,BCOMF2 Index,BBG Cmdty 2 M Fwd,Commodity
320,IINECHN Index,IMF China Inflation End of Per,IMF Inflation Expectation
321,RUBUSD Curncy,RUB-USD X-RATE,EM FX
322,IINEROU Index,IMF Romania Inflation End of P,IMF Inflation Expectation
323,IINECZE Index,IMF Czech Republic Inflation E,IMF Inflation Expectation
324,KWNI3M Curncy,KRW NDF IMP. YIELD 3 MO,EM FX
325,IINEMEX Index,IMF Mexico Inflation End of Pe,IMF Inflation Expectation
326,F25905Y Index,SEK 0CPN YLDS5Y,Nominal Bond
327,BCOMSI2 Index,BBG Silver-F2,Precious Metals
328,VG1 A:00_0_R Index,EURO STOXX 50 Future,DM Equity
329,EURNZDCR Curncy,EUR-NZD Carry Return,DM FX
330,F11003M Index,GBP UK Gilts 0 Coupon 3,Nominal Bond
331,JYSWAP10 Index,JPY SWAP SA (V 6M) 10Y,Currency SWAP
332,I08630Y Index,NOK Swap Rate 0 Cpn Yld 30,Nominal Swap
333,F08204Y Index,UST Bond/Notes 0 Coupon 4,Nominal Bond
334,I08706Y Index,SEK Swap Rates 0 Cpn Yld 6,Nominal Swap
335,SKSW9 Index,SEK SWAP ANN (VS 3M ) 9Y,Currency SWAP
336,F11009Y Index,GBP UK Gilts 0 Coupon 9,Nominal Bond
337,NZDSEKCR Curncy,NZD-SEK Carry Return,DM FX
338,I07215Y Index,CAD Canada Swap 0 Cpn Yld15,Nominal Swap
339,BPSW10 Index,GBP SWAP SA (VS 6M) 10Y,Currency SWAP
340,SEKI3M Index,SEK Fwd Imp Yld 3M,DM FX
341,F91005Y Index,EUR 0CPN YLDS5Y,Nominal Bond
342,AUDJPYCR Curncy,AUD-JPY Carry Return,DM FX
343,F12701Y Index,AUD Australia Sov 0 Cpn 1,Nominal Bond
344,BCOMRSB Index,BBGRoll Sugar,Agriculture
345,CN1 A:00_0_R Comdty,Canada 10y Future ,Nominal Bond
346,I08710Y Index,SEK Swap Rates 0 Cpn Yld 10,Nominal Swap
347,NDSWAP1 Curncy,NZD SWAP SA(V 3M) 1Y,Currency SWAP
348,BCOMCT2 Index,BBG Cotton-F2,Agriculture
349,AUDUSDCR Curncy,AUD-USD Carry Return,DM FX
350,I05610Y Index,JPY Japan Swap Rate 0 Cpn10,Nominal Swap
351,I08705Y Index,SEK Swap Rates 0 Cpn Yld 5,Nominal Swap
352,EURUSDCR Curncy,EUR-USD Carry Return,DM FX
353,ZARUSD Curncy,ZAR-USD X-RATE,EM FX
354,CADSEKCR Curncy,CAD-SEK Carry Return,DM FX
355,FV1 A:00_0_R Comdty,5y US Treasury Future,Nominal Bond
356,LC61ER Index,Bloomberg Barclays Sterling Ag,Credit
357,I05230Y Index,USD Swap Rate 0 Cpn Yld 30,Nominal Swap
358,CHFSEKCR Curncy,CHF-SEK Carry Return,DM FX
359,F12706Y Index,AUD Australia Sov 0 Cpn 6,Nominal Bond
360,F12730Y Index,AUD Australia Sov 0 Cpn 30,Nominal Bond
361,I05106Y Index,AUD Swap Rate 0 Cpn Yld 6,Nominal Swap
362,F25930Y Index,SEK 0CPN YLDS30Y,Nominal Bond
363,I08730Y Index,SEK Swap Rates 0 Cpn Yld 30,Nominal Swap
364,I07206Y Index,CAD Canada Swap 0 Cpn Yld6,Nominal Swap
365,BCOMBO Index,BBG Soybean Oil,Agriculture
366,F91007Y Index,EUR 0CPN YLDS7Y,Nominal Bond
367,I07208Y Index,CAD Canada Swap 0 Cpn Yld8,Nominal Swap
368,THBUSD Curncy,THB-USD X-RATE,EM FX
369,BCOMRSI Index,BBGRollSilver,Precious Metals
370,IINEZAF Index,IMF South Africa Inflation End,IMF Inflation Expectation
371,HSI 1 Index,Hang Seng Index Total Return,DM Equity
372,BCIT1T Index,US IL Bond Total Return Index,IL Bond
373,F91030Y Index,EUR 0CPN YLDS30Y,Nominal Bond
374,I08702Y Index,SEK Swap Rates 0 Cpn Yld 2,Nominal Swap
375,I07205Y Index,CAD Canada Swap 0 Cpn Yld5,Nominal Swap
376,BCOMGO Index,BBG GasOil,Energy
377,F08203M Index,UST Bond/Notes 0 Coupon 3,Nominal Bond
378,BCOMRLC Index,BBGRollLvCattl,Agriculture
379,Z 1 A:00_0_R Index,FTSE 100 Index Future,DM Equity
380,NK1 A:00_0_R Index,Nikkei 225 Future ,DM Equity
381,I05130Y Index,AUD Swap Rate 0 Cpn Yld 30,Nominal Swap
382,BCOMCL6 Index,BBGWTICrudeOilSub6Mfwd,Energy
383,PPNI3M Curncy,PHP NDF IMPLIED YLD 3 MO,EM FX
384,F08210Y Index,UST Bond/Notes 0 Coupon 10,Nominal Bond
385,I08608Y Index,NOK Swap Rate 0 Cpn Yld 8,Nominal Swap
386,I05120Y Index,AUD Swap Rate 0 Cpn Yld 20,Nominal Swap
387,BCOMHO6 Index,BBGHeatingOilSub6Mfwd,Energy
388,NZDCHF Curncy,NZD-CHF X-RATE,DM FX
389,LUACTRUU Index,Bloomberg Barclays US Corpor,Credit
390,BCOMSI1 Index,BBG Silver Sub 1MFwd,Precious Metals
391,F25903Y Index,SEK 0CPN YLDS3Y,Nominal Bond
392,BCOMRNG Index,BBGRollNatGas,Natgas
393,I05309Y Index,EUR Swap Annual 0 Cpn Yld9,Nominal Swap
394,JPYUSD Curncy,USD-JPY X-RATE,DM FX
395,F91020Y Index,EUR 0CPN YLDS20Y,Nominal Bond
396,F08206Y Index,UST Bond/Notes 0 Coupon 6,Nominal Bond
397,BCOMLC Index,BBG Live Cattle,Agriculture
398,ZARI3M Curncy,ZAR Fwd Imp Yld 3M,EM FX
399,BCOMRB2 Index,BBG UnldGas-F2,Energy
400,I05505Y Index,GBP Swap Rate 0 Cpn Yld 5,Nominal Swap
401,I08610Y Index,NOK Swap Rate 0 Cpn Yld 10,Nominal Swap
402,CNYUSD Curncy,CNY-USD X-RATE,EM FX
403,IINEARG Index,IMF Argentina Inflation End of,IMF Inflation Expectation
404,BCOMSM1 Index,BBG SoybMeal Sub 1MFwd,Agriculture
405,BCOMRCN Index,BBGRollCorn,Agriculture
406,USGG10YR Index,US 10 Year,Nominal Bond
407,BCOMRHO Index,BBGRollHeatOil,Energy
408,NOKJPYCR Curncy,NOK-JPY Carry Return,DM FX
409,I05308Y Index,EUR Swap Annual 0 Cpn Yld8,Nominal Swap
410,F10502Y Index,JPY Japan Sovereign 2,Nominal Bond
411,EURAUDCR Curncy,EUR-AUD Carry Return,DM FX
412,BCOMRST Index,BBG RollSelctT,Commodity
413,NDSWAP10 Index,NZD SWAP SA(V 3M) 10Y,Currency SWAP
414,I05520Y Index,GBP Swap Rate 0 Cpn Yld 20,Nominal Swap
415,I05709Y Index,CHF Switzerland Swap 0 9,Nominal Swap
416,I05720Y Index,CHF Switzerland Swap 0 20,Nominal Swap
417,IDRUSD Curncy,IDR-USD X-RATE (x1000),EM FX
418,BCOMRCL Index,BBGRollCrudeO,Energy
419,UB1 A:00_0_R Comdty,30y BUXL Future,Nominal Bond
420,AUDCHFCR Curncy,AUD-CHF Carry Return,DM FX
421,GBPUSD Curncy,GBP-USD X-RATE,DM FX
422,F25601Y Index,CHF 0CPN YLDS1Y,Nominal Bond
423,INRUSDCR Curncy,INR-USD Carry Return,EM FX
424,F10103M Index,CAD Canada Sov <9% 0 Cpn 3,Nominal Bond
425,IINENGA Index,IMF Nigeria Inflation End of P,IMF Inflation Expectation
426,JY0006M Index,ICE LIBOR JPY 6M,Nominal Bond
427,I08703Y Index,SEK Swap Rates 0 Cpn Yld 3,Nominal Swap
428,JPMTSP INDEX,JPM GBI Spain in LOC,Nominal Bond
429,F25001Y Index,NZD 0CPN YLDS1Y,Nominal Bond
430,BCOMRHG Index,BBGRollCopper,Industrial Metals
431,EUSA10 Index,EUR SWAP ANN (VS 6M) 10Y,Currency SWAP
432,LECPER Index,Bloomberg Barclays EuroAgg Cor,Credit
433,NOKSEK Curncy,NOK-SEK X-RATE,DM FX
434,F08203Y Index,UST Bond/Notes 0 Coupon 3,Nominal Bond
435,SEKUSDCR Curncy,SEK-USD Carry Return,DM FX
436,I05306Y Index,EUR Swap Annual 0 Cpn Yld6,Nominal Swap
437,SX5T Index,EURO STOXX 50 Total Return,DM Equity
438,I09430Y Index,NZD Swap Rate 0 Cpn Yld 30,Nominal Swap
439,JPMTCAN INDEX,JPM GBI Canada in LOC,Nominal Bond
440,HUFEUR Curncy,HUF-EUR X-RATE (x100),EM FX
441,BCIU1T Index,GB IL Bond Total Return Index,IL Bond
442,CHFJPY Curncy,CHF-JPY X-RATE,DM FX
443,NZDSEK Curncy,NZD-SEK X-RATE,DM FX
444,DJE1 A:00_0_R Index,Dow Jones US Real Estate Index Future,Equity Sector
445,BCOMRZS Index,BBGRollZinc,Industrial Metals
446,F25005Y Index,NZD 0CPN YLDS5Y,Nominal Bond
447,I05630Y Index,JPY Japan Swap Rate 0 Cpn30,Nominal Swap
448,BCOMNG Index,BBG Natural Gas,Natgas
449,I05207Y Index,USD Swap Rate 0 Cpn Yld 7,Nominal Swap
450,F25009Y Index,NZD 0CPN YLDS9Y,Nominal Bond
451,I05604Y Index,JPY Japan Swap Rate 0 Cpn4,Nominal Swap
452,IINECHL Index,IMF Chile Inflation End of Per,IMF Inflation Expectation
453,CDSW10 Index,CAD SWAP SA (VS 3M ) 10Y,Currency SWAP
454,I08715Y Index,SEK Swap Rates 0 Cpn Yld 15,Nominal Swap
455,F25603Y Index,CHF 0CPN YLDS3Y,Nominal Bond
456,NIBOR6M Index,Norway IBOR 6M,Nominal Bond
457,I05602Y Index,JPY Japan Swap Rate 0 Cpn2,Nominal Swap
458,GDDLSZ index,MSCI TR Switzerland,DM Equity
459,F10103Y Index,CAD Canada Sov <9% 0 Cpn 3,Nominal Bond
460,KRWUSDCR Curncy,KRW-USD Carry Return,EM FX
461,IINEEURO Index,IMF Euro Area Inflation End of,IMF Inflation Expectation
462,BCOMSM2 Index,BBG SoyMealF2,Agriculture
463,BCOMF6 Index,BBGCI-F6,Commodity
464,ZARUSDCR Curncy,ZAR-USD Carry Return,EM FX
465,I05730Y Index,CHF Switzerland Swap 0 30,Nominal Swap
466,USDNOKCR Curncy,USD-NOK Carry Return,DM FX
467,I08604Y Index,NOK Swap Rate 0 Cpn Yld 4,Nominal Swap
468,ST1 A:00_0_R Comdty,10y Swedish Bond Future,Nominal Bond
469,BCOMKW1 Index,BBG KSWheat Sub 1MFwd,Agriculture
470,I05107Y Index,AUD Swap Rate 0 Cpn Yld 7,Nominal Swap
471,I05506Y Index,GBP Swap Rate 0 Cpn Yld 6,Nominal Swap
472,BCOMSY2 Index,BBG Soybean-F2,Agriculture
473,F12707Y Index,AUD Australia Sov 0 Cpn 7,Nominal Bond
474,F25606Y Index,CHF 0CPN YLDS6Y,Nominal Bond
475,F08220Y Index,UST Bond/Notes 0 Coupon 20,Nominal Bond
476,CHFSEK Curncy,CHF-SEK X-RATE,DM FX
477,I05606Y Index,JPY Japan Swap Rate 0 Cpn6,Nominal Swap
478,I09406Y Index,NZD Swap Rate 0 Cpn Yld 6,Nominal Swap
479,CCNI3M Curncy,CNY NDF IMPLIED YLD 3 MO,EM FX
480,BCOMNG6 Index,BBGNaturalGasSub6Mfwd,Natgas
481,GDDLJN index,MSCI TR Japan,DM Equity
482,I09407Y Index,NZD Swap Rate 0 Cpn Yld 7,Nominal Swap
483,SE1 A:00_0_R Curncy,SEK Future,DM FX
484,GDUEEGF index,MSCI TR EM,DM Equity
485,F25910Y Index,SEK 0CPN YLDS10Y,Nominal Bond
486,F91003Y Index,EUR 0CPN YLDS3Y,Nominal Bond
487,ARSUSD Curncy,ARS-USD X-RATE,EM FX
488,I05209Y Index,USD Swap Rate 0 Cpn Yld 9,Nominal Swap
489,I05530Y Index,GBP Swap Rate 0 Cpn Yld 30,Nominal Swap
490,I05705Y Index,CHF Switzerland Swap 0 5,Nominal Swap
491,I05508Y Index,GBP Swap Rate 0 Cpn Yld 8,Nominal Swap
492,F25604Y Index,CHF 0CPN YLDS4Y,Nominal Bond
493,RP1 A:00_0_R Curncy,EURGBP Future,DM FX
494,CHFJPYCR Curncy,CHF-JPY Carry Return,DM FX
495,F25608Y Index,CHF 0CPN YLDS8Y,Nominal Bond
496,ADSOC Index,AUD SWAP OIS 3M,Currency SWAP
497,SEKJPYCR Curncy,SEK-JPY Carry Return,DM FX
498,F10110Y Index,CAD Canada Sov <9% 0 Cpn 10,Nominal Bond
499,US1 A:00_0_R Comdty,US Long Bond Future,Nominal Bond
500,BCOMRWH Index,BBGRollWheat,Agriculture
501,IHNI3M Curncy,IDR NDF IMPLIED YLD 3 MO,EM FX
502,CADUSD Curncy,USD-CAD X-RATE,DM FX
503,I05702Y Index,CHF Switzerland Swap 0 2,Nominal Swap
504,EURJPYCR Curncy,EUR-JPY Carry Return,DM FX
505,I05330Y Index,EUR Swap Annual 0 Cpn Yld30,Nominal Swap
506,F10515Y Index,JPY Japan Sovereign 15,Nominal Bond
507,BCOMNG1 Index,BBG NatGas Sub 1MFwd,Natgas
508,EMUSTRUU Index,EM USD Aggregate Total Return Index,EM Debt Hard
509,AUDJPY Curncy,AUD-JPY X-RATE,DM FX
510,USDNOK Curncy,USD-NOK X-RATE,DM FX
511,F25030Y Index,NZD 0CPN YLDS30Y,Nominal Bond
512,F25603M Index,CHF 0CPN YLDS3M,Nominal Bond
513,I05115Y Index,AUD Swap Rate 0 Cpn Yld 15,Nominal Swap
514,I05503M Index,GBP Swap Rate 0 Cpn Yld 3,Nominal Swap
515,CHFNOKCR Curncy,CHF-NOK Carry Return,DM FX
516,JPYUSDCR Curncy ,JPY-USD Carry Return,DM FX
517,BCOMLH2 Index,BBG LenHogs-F2,Agriculture
518,GCLDEMU index,MSCI TR Global Small Cap ,Small Cap Equity
519,GBPCAD Curncy,GBP-CAD X-RATE,DM FX
520,F25907Y Index,SEK 0CPN YLDS7Y,Nominal Bond
521,BCOMZS6 Index,BBGZincSub6Mfwd,Industrial Metals
522,M1WDOV Index,MSCI ACWI ENH VAL NR USD,Equity Factor
523,NZDJPYCR Curncy,NZD-JPY Carry Return,DM FX
524,BCOMKC Index,BBG Coffee,Agriculture
525,IINEBRA Index,IMF Brazil Inflation End of Pe,IMF Inflation Expectation
526,I07203M Index,CAD Canada Swap 0 Cpn Yld3,Nominal Swap
527,IINECOL Index,IMF Colombia Inflation End of,IMF Inflation Expectation
528,I08704Y Index,SEK Swap Rates 0 Cpn Yld 4,Nominal Swap
529,XID1 A:00_0_R Curncy,INR Future,DM FX
530,BCOMAL6 Index,BBGAluminumSub6Mfwd,Industrial Metals
531,I05703Y Index,CHF Switzerland Swap 0 3,Nominal Swap
532,USDJPY Curncy,USD-JPY X-RATE,DM FX
533,F10508Y Index,JPY Japan Sovereign 8,Nominal Bond
534,XP1 A:00_0_R Index,ASX SPI 200 Index Future ,DM Equity
535,I08609Y Index,NOK Swap Rate 0 Cpn Yld 9,Nominal Swap
536,HUFEURCR Curncy,HUF-EUR Carry Return,EM FX
537,THBUSDCR Curncy,THB-USD Carry Return,EM FX
538,JPPUELM Index,J.P. Morgan ELMI Plus Composite,EM Debt Local
539,I05103Y Index,AUD Swap Rate 0 Cpn Yld 3,Nominal Swap
540,I05102Y Index,AUD Swap Rate 0 Cpn Yld 2,Nominal Swap
541,NQ1 A:00_0_R Index,NASDAQ 100 Index Future,Equity Sector
542,I05704Y Index,CHF Switzerland Swap 0 4,Nominal Swap
543,I09405Y Index,NZD Swap Rate 0 Cpn Yld 5,Nominal Swap
544,RU1 A:00_0_R Curncy,RUB Future,EM FX
545,NZDNOKCR Curncy,NZD-NOK Carry Return,DM FX
546,F26605Y Index,NOK 0CPN YLDS5Y,Nominal Bond
547,I05110Y Index,AUD Swap Rate 0 Cpn Yld 10,Nominal Swap
548,F25901Y Index,SEK 0CPN YLDS1Y,Nominal Bond
549,GBPNOKCR Curncy,GBP-NOK Carry Return,DM FX
550,BCOMLH1 Index,BBG LeanHogs Sub 1MFwd,Agriculture
551,BR1 A:00_0_R Curncy,BRL Future,EM FX
552,F11007Y Index,GBP UK Gilts 0 Coupon 7,Nominal Bond
553,NZDJPY Curncy,NZD-JPY X-RATE,DM FX
554,BCOMHG1 Index,BBG Copper Sub 1MFwd,Industrial Metals
555,F08208Y Index,UST Bond/Notes 0 Coupon 8,Nominal Bond
556,NOKSEKCR Curncy,NOK-SEK Carry Return,DM FX
557,SFSW9 Index,CHF SWAP ANN (VS 6M) 9Y,Currency SWAP
558,F25920Y Index,SEK 0CPN YLDS20Y,Nominal Bond
559,F26604Y Index,NOK 0CPN YLDS4Y,Nominal Bond
560,I05706Y Index,CHF Switzerland Swap 0 6,Nominal Swap
561,KRWUSD Curncy,KRW-USD X-RATE (x100),EM FX
562,JPMTUS INDEX,JPM GBI US in LOC,Nominal Bond
563,ADSWAP9 Index,AUD SWAP SA (VS 6M) 9Y,Currency SWAP
564,EURAUD Curncy,EUR-AUD X-RATE,DM FX
565,I08703M Index,SEK Swap Rates 0 Cpn Yld 3,Nominal Swap
566,LP01ER Index,Bloomberg Barclays Pan-Europea,Credit
567,BCOMCT1 Index,BBG Cotton Sub 1MFwd,Agriculture
568,I07204Y Index,CAD Canada Swap 0 Cpn Yld4,Nominal Swap
569,F11015Y Index,GBP UK Gilts 0 Coupon 15,Nominal Bond
570,F10107Y Index,CAD Canada Sov <9% 0 Cpn 7,Nominal Bond
571,IINEPER Index,IMF Peru Inflation End of Peri,IMF Inflation Expectation
572,JYSWAP1 Curncy,JPY SWAP SA (V 6M) 1Y,Currency SWAP
573,EMUSER Index,EM USD Aggregate Exc Rt,EM Debt Hard
574,CHFI3M Index,CHF Fwd Imp Yld 3M,DM FX
575,I09408Y Index,NZD Swap Rate 0 Cpn Yld 8,Nominal Swap
576,BCOMNI Index,BBG Nickel,Industrial Metals
577,EURGBPCR Curncy,EUR-GBP Carry Return,DM FX
578,CLPUSDCR Curncy,CLP-USD Carry Return,EM FX
579,I05315Y Index,EUR Swap Annual 0 Cpn Yld15,Nominal Swap
580,BCOMCL1 Index,BBG WTICrudOilSub1MFwd,Energy
581,IINEPHL Index,IMF Philippines Inflation End,IMF Inflation Expectation
582,F25004Y Index,NZD 0CPN YLDS4Y,Nominal Bond
583,CZKEUR Curncy,CZK-EUR X-RATE,EM FX
584,CHFUSDCR Curncy,CHF-USD Carry Return,DM FX
585,BCOMWH2 Index,BBG Wheat-F2,Agriculture
586,HI1 A:00_0_R Index,Hang Seng Index Future ,DM Equity
587,F11003Y Index,GBP UK Gilts 0 Coupon 3,Nominal Bond
588,BCOMSI6 Index,BBGSilverSub6Mfwd,Precious Metals
589,NV1 A:00_0_R Curncy,NZD Future,DM FX
590,I05608Y Index,JPY Japan Swap Rate 0 Cpn8,Nominal Swap
591,EPNI3M Curncy,EGP NDF IMP. YIELD 3 MO,EM FX
592,I05504Y Index,GBP Swap Rate 0 Cpn Yld 4,Nominal Swap
593,GBPAUDCR Curncy,GBP-AUD Carry Return,DM FX
594,RUGA Index,EPRA/NAREIT ASIA $ TR,REITS
595,CD1 A:00_0_R Curncy,CAD Future,DM FX
596,CADCHF Curncy,CAD-CHF X-RATE,DM FX
597,F26615Y Index,NOK 0CPN YLDS15Y,Nominal Bond
598,M00IWD$O Index,MSCI ACWI Minimum Volati,Equity Factor
599,CDOR03 Index,CAD-BA-CDOR 3M,Nominal Bond
600,BCOMSM6 Index,BBG SoyMealF6,Agriculture
601,F08209Y Index,UST Bond/Notes 0 Coupon 9,Nominal Bond
602,M1EAQU Index,MSCI EAFE Quality,Equity Factor
603,NZDCADCR Curncy,NZD-CAD Carry Return,DM FX
604,BCOMHO2 Index,BBG HeatOil-F2,Energy
605,GDDLEMU index,MSCI TR EU,DM Equity
606,RUGN Index,EPRA/NAREIT N.A TR$,REITS
607,USDCHFCR Curncy,USD-CHF Carry Return,DM FX
608,RA1 A:00_0_R Curncy,ZAR Future,EM FX
609,BCOMZS2 Index,BBGZinc-F2,Industrial Metals
610,I05109Y Index,AUD Swap Rate 0 Cpn Yld 9,Nominal Swap
611,F25006Y Index,NZD 0CPN YLDS6Y,Nominal Bond
612,NQ1 A:00_0_R Index ,NASDAQ-100 Future,Equity Sector
613,PPP JN Index,OECD PPP - Japan,OECD PPP
614,BCOMAL1 Index,BBG Aluminum Sub 1MFwd,Industrial Metals
615,I08615Y Index,NOK Swap Rate 0 Cpn Yld 15,Nominal Swap
616,BCOMSY6 Index,BBGSoybeansSub6Mfwd,Agriculture
617,F10101Y Index,CAD Canada Sov <9% 0 Cpn 1,Nominal Bond
618,I05310Y Index,EUR Swap Annual 0 Cpn Yld10,Nominal Swap
619,SFSW10 Index,CHF SWAP ANN (VS 6M) 10Y,Currency SWAP
620,F10106Y Index,CAD Canada Sov <9% 0 Cpn 6,Nominal Bond
621,MXNI3M Curncy,MXN Fwd Imp Yld 3M,EM FX
622,TP1 A:00_0_R Index,TOPIX Future,DM Equity
623,I09420Y Index,NZD Swap Rate 0 Cpn Yld 20,Nominal Swap
624,M1WO Index,MSCI WORLD NR,DM Equity
625,RPEU Index,FTSE E/N EuroZone TRI,REITS
626,EURNOK Curncy,EUR-NOK X-RATE,DM FX
627,BCOMSY1 Index,BBG Soybeans Sub 1MFwd,Agriculture
628,JB1 A:00_0_R Comdty,10y Japanese Bond Future,Nominal Bond
629,F25015Y Index,NZD 0CPN YLDS15Y,Nominal Bond
630,I08605Y Index,NOK Swap Rate 0 Cpn Yld 5,Nominal Swap
631,HSI Index,Hang Seng Index,DM Equity
632,ED1 A:00_0_R Comdty,3M Eurodollar Future,Nominal Bond
633,I05703M Index,CHF Switzerland Swap 0 3,Nominal Swap
634,I05105Y Index,AUD Swap Rate 0 Cpn Yld 5,Nominal Swap
635,F10503M Index,JPY Japan Sovereign 3,Nominal Bond
636,I05215Y Index,USD Swap Rate 0 Cpn Yld 15,Nominal Swap
637,HUFI3M Curncy,HUF Fwd Imp Yld 3M,EM FX
638,GX1 A:00_0_R Index,DAX Index Future,DM Equity
639,AUDCADCR Curncy,AUD-CAD Carry Return,DM FX
640,GBPCADCR Curncy,GBP-CAD Carry Return,DM FX
641,F10108Y Index,CAD Canada Sov <9% 0 Cpn 8,Nominal Bond
642,AUDNOK Curncy,AUD-NOK X-RATE,DM FX
643,F08202Y Index,UST Bond/Notes 0 Coupon 2,Nominal Bond
644,I05620Y Index,JPY Japan Swap Rate 0 Cpn20,Nominal Swap
645,MYRUSDCR Curncy,MYR-USD Carry Return,EM FX
646,F10505Y Index,JPY Japan Sovereign 5,Nominal Bond
647,IINEEGY Index,IMF Egypt Inflation End of Per,IMF Inflation Expectation
648,I07207Y Index,CAD Canada Swap 0 Cpn Yld7,Nominal Swap
649,F25902Y Index,SEK 0CPN YLDS2Y,Nominal Bond
650,F10510Y Index,JPY Japan Sovereign 10,Nominal Bond
651,USSWAP9 Index,USD SWAP SEMI 30/360 9YR,Currency SWAP
652,MES1 A:00_0_R Index,MSCI EM Future,EM Equity
653,F25904Y Index,SEK 0CPN YLDS4Y,Nominal Bond
654,I09402Y Index,NZD Swap Rate 0 Cpn Yld 2,Nominal Swap
655,AD1 A:00_0_R Curncy,AUD Future,DM FX
656,F25609Y Index,CHF 0CPN YLDS9Y,Nominal Bond
657,USSWAP10 Index,USD SWAP SEMI 30/360 10Y,Currency SWAP
658,TWDUSDCR Curncy,TWD-USD Carry Return,EM FX
659,GDDLCA index,MSCI TR Canada,DM Equity
660,ADSWAP1 Curncy,AUD SWAP SA (VS 6M) 1Y,Currency SWAP
661,I05204Y Index,USD Swap Rate 0 Cpn Yld 4,Nominal Swap
662,M1WOQU Index,MSCI World Quality Net $,Equity Factor
663,F10530Y Index,JPY Japan Sovereign 30,Nominal Bond
664,C 1 A:00_0_R Comdty,Corn Future,Agriculture
665,RONEUR Curncy,RON-EUR X-RATE,EM FX
666,F12715Y Index,AUD Australia Sov 0 Cpn 15,Nominal Bond
667,BP0006M Index,ICE LIBOR GBP 6M,Nominal Bond
668,BCOMCL Index,BBG WTI Crude Oil,Energy
669,NKSW9 Index,NOK SWAP ANN (VS 6M) 9Y,Currency SWAP
670,BCOMGO1 Index,BCOM GO 1MF,Energy
671,JPMTWG INDEX,JPM GBI Germany in LOC,Nominal Bond
672,I05710Y Index,CHF Switzerland Swap 0 10,Nominal Swap
673,F12720Y Index,AUD Australia Sov 0 Cpn 20,Nominal Bond
674,SFSW1 Curncy,CHF SWAP ANN (VS 6M)1Y,Currency SWAP
675,BCOMCN2 Index,BBG Corn-F2,Agriculture
676,AUDNOKCR Curncy,AUD-NOK Carry Return,DM FX
677,BRLUSDCR Curncy,BRL-USD Carry Return,EM FX
678,BCOMRS Index,BBG Roll Select Cmdty,Commodity
679,COPUSDCR Curncy,COP-USD Carry Return,EM FX
680,CADUSDCR Curncy,CAD-USD Carry Return,DM FX
681,GBPNOK Curncy,GBP-NOK X-RATE,DM FX
682,BP1 A:00_0_R Curncy,GBP Future,DM FX
683,CLNI3M Curncy,COP NDF IMP. YIELD 3 MO,EM FX
684,F10120Y Index,CAD Canada Sov <9% 0 Cpn 20,Nominal Bond
685,F25607Y Index,CHF 0CPN YLDS7Y,Nominal Bond
686,NZDUSD Curncy,NZD-USD X-RATE,DM FX
687,ILSUSD Curncy,ILS-USD X-RATE,EM FX
688,RUBUSDCR Curncy,RUB-USD Carry Return,EM FX
689,F12710Y Index,AUD Australia Sov 0 Cpn 10,Nominal Bond
690,AUDCAD Curncy,AUD-CAD X-RATE,DM FX
691,I07209Y Index,CAD Canada Swap 0 Cpn Yld9,Nominal Swap
692,ARSUSDCR Curncy,ARS-USD Carry Return,EM FX
693,I05303M Index,EUR Swap Annual 0 Cpn Yld3,Nominal Swap
694,IINETHA Index,IMF Thailand Inflation End of,IMF Inflation Expectation
695,PENUSD Curncy,PEN-USD X-RATE,EM FX
696,F25602Y Index,CHF 0CPN YLDS2Y,Nominal Bond
697,XM1 A:01_0_R comdty,10y Australian Bond Future,Nominal Bond
698,SPX Index,S&P 500 INDEX,DM Equity
699,IINEKOR Index,IMF Korea Inflation End of Per,IMF Inflation Expectation
700,F10115Y Index,CAD Canada Sov <9% 0 Cpn 15,Nominal Bond
701,BCOMSM Index,BBG SoyMeal,Agriculture
702,NZDUSDCR Curncy,NZD-USD Carry Return,DM FX
703,EURCAD Curncy,EUR-CAD X-RATE,DM FX
704,F91001Y Index,EUR 0CPN YLDS1Y,Nominal Bond
705,EURI3M Index,EUR Fwd Imp Yld 3M,DM FX
706,NZDI3M Index,NZD Fwd Imp Yld 3M,DM FX
707,JPMTAUST INDEX,JPM GBI Australia in LOC,Nominal Bond
708,F25909Y Index,SEK 0CPN YLDS9Y,Nominal Bond
709,CADNOKCR Curncy,CAD-NOK Carry Return,DM FX
710,IINETUR Index,IMF Turkey Inflation End of Pe,IMF Inflation Expectation
711,EURCHFCR Curncy,EUR-CHF Carry Return,DM FX
712,BCOMSI Index,BBG Silver,Precious Metals
713,BCOMKW Index,BBG KansasWht,Agriculture
714,EURCADCR Curncy,EUR-CAD Carry Return,DM FX
715,M00IWO$O Index,World MinVol D NTR USD,Equity Factor
716,PLNEURCR Curncy,PLN-EUR Carry Return,EM FX
717,I05609Y Index,JPY Japan Swap Rate 0 Cpn9,Nominal Swap
718,IINETWN Index,IMF Taiwan Inflation End of Pe,IMF Inflation Expectation
719,F11020Y Index,GBP UK Gilts 0 Coupon 20,Nominal Bond
720,F25908Y Index,SEK 0CPN YLDS8Y,Nominal Bond
721,BCOMLC1 Index,BBG LiveCattleSub1MFwd,Agriculture
722,I05304Y Index,EUR Swap Annual 0 Cpn Yld4,Nominal Swap
723,SKSW10 Index,SEK SWAP ANN(VS 3M ) 10Y,Currency SWAP
724,JPYI3M Index,JPY Fwd Imp Yld 3M,DM FX
725,F25605Y Index,CHF 0CPN YLDS5Y,Nominal Bond
726,SF0006M Index,ICE LIBOR CHF 6M,Nominal Bond
727,EURSEKCR Curncy,EUR-SEK Carry Return,DM FX
728,I05305Y Index,EUR Swap Annual 0 Cpn Yld5,Nominal Swap
729,INRUSD Curncy,INR-USD X-RATE,EM FX
730,F11010Y Index,GBP UK Gilts 0 Coupon 10,Nominal Bond
731,CF1 A:00_0_R Index,CAC 40 Index Future,DM Equity
732,BCOMWH Index,BBG Wheat,Agriculture
733,F11030Y Index,GBP UK Gilts 0 Coupon 30,Nominal Bond
734,BRLUSD Curncy,BRL-USD X-RATE,EM FX
735,PLNEUR Curncy,PLN-EUR X-RATE,EM FX
736,EURNOKCR Curncy,EUR-NOK Carry Return,DM FX
737,F25008Y Index,NZD 0CPN YLDS8Y,Nominal Bond
738,MRNI3M Curncy,MYR NDF IMP YLD 3 MO,EM FX
739,BCOMRAL Index,BBGRollAlum,Industrial Metals
740,GCLDUK index,MSCI TR UK Small Cap ,Small Cap Equity
741,APNI3M Curncy,ARS NDF IMP. YIELD 3 MO,EM FX
742,I09409Y Index,NZD Swap Rate 0 Cpn Yld 9,Nominal Swap
743,I08620Y Index,NOK Swap Rate 0 Cpn Yld 20,Nominal Swap
744,I08607Y Index,NOK Swap Rate 0 Cpn Yld 7,Nominal Swap
745,AUDSEKCR Curncy,AUD-SEK Carry Return,DM FX
746,F91006Y Index,EUR 0CPN YLDS6Y,Nominal Bond
747,BCOMGC6 Index,BBGGoldSub6Mfwd,Precious Metals
748,COPUSD Curncy,COP-USD X-RATE (x100),EM FX
749,NOKI3M Index,NOK Fwd Imp Yld 3M,DM FX
750,BPSW9 Index,GBP SWAP SA (VS 6M) 9Y,Currency SWAP
751,CADJPY Curncy,CAD-JPY X-RATE,DM FX
752,I09415Y Index,NZD Swap Rate 0 Cpn Yld 15,Nominal Swap
753,NGNUSD Curncy,NGN-USD X-RATE (x1000),EM FX
754,I05210Y Index,USD Swap Rate 0 Cpn Yld 10,Nominal Swap
755,TRYI3M Curncy,TRY FWRD IMP. YIELD 3 MO,EM FX
756,BCOMWH1 Index,BBG Wheat Sub 1MFwd,Agriculture
757,I05202Y Index,USD Swap Rate 0 Cpn Yld 2,Nominal Swap
758,SP1 A:00_0_R Index,S&P 500 Future,DM Equity
759,F11008Y Index,GBP UK Gilts 0 Coupon 8,Nominal Bond
760,F25615Y Index,CHF 0CPN YLDS15Y,Nominal Bond
761,F12704Y Index,AUD Australia Sov 0 Cpn 4,Nominal Bond
